<?xml version="1.0"?>
<houses>
	<house name="RbOT House 2" houseid="268435941" entryx="142" entryy="61" entryz="7" rent="0" townid="1" size="20" />
	<house name="RbOT House 3" houseid="268435942" entryx="159" entryy="61" entryz="7" rent="0" townid="1" size="20" />
	<house name="RbOT House 4" houseid="268435943" entryx="170" entryy="59" entryz="7" rent="0" townid="1" size="94" />
	<house name="RbOT House 5" houseid="268435944" entryx="163" entryy="68" entryz="7" rent="0" townid="1" size="41" />
	<house name="RbOT House 6" houseid="268435945" entryx="185" entryy="62" entryz="7" rent="0" townid="1" size="33" />
	<house name="RbOT House 7" houseid="268435946" entryx="179" entryy="50" entryz="7" rent="0" townid="1" size="51" />
	<house name="RbOT House 8" houseid="268435947" entryx="176" entryy="43" entryz="7" rent="0" townid="1" size="26" />
	<house name="RbOT House 9" houseid="268435948" entryx="176" entryy="38" entryz="7" rent="0" townid="1" size="26" />
	<house name="RbOT House 10" houseid="268435949" entryx="176" entryy="33" entryz="7" rent="0" townid="1" size="40" />
	<house name="RbOT House 11" houseid="268435950" entryx="173" entryy="33" entryz="7" rent="0" townid="1" size="22" />
	<house name="RbOT House 12" houseid="268435951" entryx="174" entryy="32" entryz="7" rent="0" townid="1" size="26" />
	<house name="RbOT House 13" houseid="268435952" entryx="152" entryy="29" entryz="7" rent="0" townid="1" size="18" />
	<house name="RbOT House 14" houseid="268435953" entryx="144" entryy="32" entryz="7" rent="0" townid="1" size="17" />
	<house name="RbOT House 15" houseid="268435954" entryx="135" entryy="36" entryz="7" rent="0" townid="1" size="33" />
	<house name="RbOT House 16" houseid="268435955" entryx="139" entryy="27" entryz="7" rent="0" townid="1" size="19" />
	<house name="RbOT House 17" houseid="268435956" entryx="126" entryy="36" entryz="7" rent="0" townid="1" size="25" />
	<house name="RbOT House 18" houseid="268435957" entryx="219" entryy="36" entryz="7" rent="0" townid="1" size="49" />
	<house name="RbOT House 19" houseid="268435958" entryx="215" entryy="44" entryz="7" rent="0" townid="1" size="19" />
	<house name="RbOT House 20" houseid="268435959" entryx="126" entryy="61" entryz="7" rent="0" townid="1" size="16" />
	<house name="RbOT House 21" houseid="268435960" entryx="121" entryy="69" entryz="7" rent="0" townid="1" size="22" />
	<house name="RbOT House 22" houseid="268435961" entryx="117" entryy="67" entryz="7" rent="0" townid="1" size="18" />
	<house name="RbOT House 23" houseid="268435962" entryx="114" entryy="69" entryz="7" rent="0" townid="1" size="26" />
	<house name="RbOT House 24" houseid="268435963" entryx="100" entryy="66" entryz="7" rent="0" townid="1" size="34" />
	<house name="RbOT House 25" houseid="268435964" entryx="100" entryy="68" entryz="7" rent="0" townid="1" size="33" />
	<house name="RbOT House 26" houseid="268435965" entryx="95" entryy="65" entryz="7" rent="0" townid="1" size="22" />
	<house name="RbOT House 27" houseid="268435966" entryx="98" entryy="57" entryz="7" rent="0" townid="1" size="77" />
	<house name="RbOT House 28" houseid="268435967" entryx="105" entryy="43" entryz="7" rent="0" townid="1" size="40" />
	<house name="RbOT House 29" houseid="268435968" entryx="99" entryy="33" entryz="7" rent="0" townid="1" size="28" />
	<house name="RbOT House 30" houseid="268435969" entryx="99" entryy="27" entryz="7" rent="0" townid="1" size="23" />
	<house name="RbOT House 31" houseid="268435970" entryx="97" entryy="27" entryz="7" rent="0" townid="1" size="23" />
	<house name="RbOT House 32" houseid="268435971" entryx="97" entryy="33" entryz="7" rent="0" townid="1" size="28" />
	<house name="RbOT House 33" houseid="268435972" entryx="82" entryy="26" entryz="7" rent="0" townid="1" size="38" />
	<house name="RbOT House 34" houseid="268435973" entryx="82" entryy="30" entryz="7" rent="0" townid="1" size="35" />
	<house name="RbOT House 35" houseid="268435974" entryx="85" entryy="39" entryz="7" rent="0" townid="1" size="6" />
	<house name="RbOT House 36" houseid="268435975" entryx="81" entryy="39" entryz="7" rent="0" townid="1" size="7" />
	<house name="RbOT House 37" houseid="268435976" entryx="77" entryy="36" entryz="7" rent="0" townid="1" size="8" />
	<house name="RbOT House 38" houseid="268435977" entryx="78" entryy="45" entryz="7" rent="0" townid="1" size="6" />
	<house name="RbOT House 39" houseid="268435978" entryx="73" entryy="37" entryz="7" rent="0" townid="1" size="7" />
	<house name="RbOT House 40" houseid="268435979" entryx="73" entryy="41" entryz="7" rent="0" townid="1" size="4" />
	<house name="RbOT House 41" houseid="268435980" entryx="73" entryy="44" entryz="7" rent="0" townid="1" size="7" />
	<house name="RbOT House 42" houseid="268435981" entryx="218" entryy="56" entryz="6" rent="0" townid="1" size="11" />
	<house name="RbOT House 43" houseid="268435982" entryx="226" entryy="56" entryz="6" rent="0" townid="1" size="32" />
	<house name="RbOT House 44" houseid="268435983" entryx="216" entryy="44" entryz="6" rent="0" townid="1" size="34" />
	<house name="RbOT House 45" houseid="268435984" entryx="216" entryy="36" entryz="6" rent="0" townid="1" size="48" />
	<house name="RbOT House 46" houseid="268435985" entryx="196" entryy="53" entryz="6" rent="0" townid="1" size="16" />
	<house name="RbOT House 47" houseid="268435986" entryx="196" entryy="45" entryz="6" rent="0" townid="1" size="12" />
	<house name="RbOT House 48" houseid="268435987" entryx="177" entryy="42" entryz="6" rent="0" townid="1" size="28" />
	<house name="RbOT House 49" houseid="268435988" entryx="177" entryy="36" entryz="6" rent="0" townid="1" size="22" />
	<house name="RbOT House 50" houseid="268435989" entryx="177" entryy="33" entryz="6" rent="0" townid="1" size="28" />
	<house name="RbOT House 51" houseid="268435990" entryx="176" entryy="33" entryz="6" rent="0" townid="1" size="16" />
	<house name="RbOT House 52" houseid="268435991" entryx="171" entryy="33" entryz="6" rent="0" townid="1" size="13" />
	<house name="RbOT House 53" houseid="268435992" entryx="160" entryy="25" entryz="6" rent="0" townid="1" size="32" />
	<house name="RbOT House 54" houseid="268435993" entryx="139" entryy="41" entryz="6" rent="0" townid="1" size="10" />
	<house name="RbOT House 55" houseid="268435994" entryx="149" entryy="45" entryz="6" rent="0" townid="1" size="18" />
	<house name="RbOT House 56" houseid="268435995" entryx="149" entryy="48" entryz="6" rent="0" townid="1" size="8" />
	<house name="RbOT House 57" houseid="268435996" entryx="154" entryy="50" entryz="6" rent="0" townid="1" size="12" />
	<house name="RbOT House 58" houseid="268435997" entryx="159" entryy="50" entryz="6" rent="0" townid="1" size="11" />
	<house name="RbOT House 59" houseid="268435998" entryx="153" entryy="51" entryz="6" rent="0" townid="1" size="10" />
	<house name="RbOT House 60" houseid="268435999" entryx="149" entryy="54" entryz="6" rent="0" townid="1" size="18" />
	<house name="RbOT House 61" houseid="268436000" entryx="139" entryy="48" entryz="6" rent="0" townid="1" size="21" />
	<house name="RbOT House 62" houseid="268436001" entryx="141" entryy="58" entryz="6" rent="0" townid="1" size="58" />
	<house name="RbOT House 63" houseid="268436002" entryx="148" entryy="58" entryz="6" rent="0" townid="1" size="38" />
	<house name="RbOT House 64" houseid="268436003" entryx="153" entryy="58" entryz="6" rent="0" townid="1" size="49" />
	<house name="RbOT House 65" houseid="268436004" entryx="160" entryy="58" entryz="6" rent="0" townid="1" size="70" />
	<house name="RbOT House 66" houseid="268436005" entryx="142" entryy="69" entryz="6" rent="0" townid="1" size="38" />
	<house name="RbOT House 67" houseid="268436006" entryx="149" entryy="69" entryz="6" rent="0" townid="1" size="46" />
	<house name="RbOT House 68" houseid="268436007" entryx="155" entryy="69" entryz="6" rent="0" townid="1" size="38" />
	<house name="RbOT House 69" houseid="268436008" entryx="163" entryy="69" entryz="6" rent="0" townid="1" size="42" />
	<house name="RbOT House 70" houseid="268436009" entryx="128" entryy="62" entryz="6" rent="0" townid="1" size="122" />
	<house name="RbOT House 71" houseid="268436010" entryx="117" entryy="66" entryz="6" rent="0" townid="1" size="14" />
	<house name="RbOT House 72" houseid="268436011" entryx="112" entryy="72" entryz="6" rent="0" townid="1" size="22" />
	<house name="RbOT House 73" houseid="268436012" entryx="105" entryy="71" entryz="6" rent="0" townid="1" size="15" />
	<house name="RbOT House 74" houseid="268436013" entryx="108" entryy="67" entryz="6" rent="0" townid="1" size="18" />
	<house name="RbOT House 1" houseid="268436014" entryx="151" entryy="61" entryz="7" rent="0" townid="1" size="20" />
</houses>
